0,0,0,0,0,0,0,0,0,0,0,0,0,0,0,0,0,0,0,0,0,0,0,0,0,0,0,0,0,0,0,0,0,0,0,0,0,0,0,0,0,0,0,0,0,0,0,0,0,0,0,0,0,0,0,0,0,0,0,0,0,0,0,0,0,0,0,0,0,0,0,0,0,0,0,0,0,0,0,0,0
0,0,0,0,0,0,0,0,0,0,0,0,0,0,0,0,0,0,0,0,0,0,0,0,0,0,0,0,0,0,0,0,0,0,0,0,0,0,0,0,0,0,0,0,0,0,0,0,0,0,0,0,0,0,0,0,0,0,0,0,0,0,0,0,0,0,0,0,0,0,0,0,0,0,0,0,0,0,0,116.2007493,0
0,0,0,0,0,0,0,0,0,0,0,0,0,0,0,0,0,0,0,0,0,0,0,0,0,0,0,0,0,0,0,0,0,0,0,0,0,0,0,0,0,0,0,0,0,0,0,0,0,0,0,0,0,0,0,0,0,0,0,0,0,0,0,0,0,0,0,0,0,0,0,0,0,0,0,0,0,0,104.4483235,92.79097308,0
0,0,0,0,0,0,0,0,0,0,0,0,0,0,0,0,0,0,0,0,0,0,0,0,0,0,0,0,0,0,0,0,0,0,0,0,0,0,0,0,0,0,0,0,0,0,0,0,0,0,0,0,0,0,0,0,0,0,0,0,0,0,0,0,0,0,0,0,0,0,0,0,0,0,0,0,0,93.33239805,83.38208806,74.09732502,0
0,0,0,0,0,0,0,0,0,0,0,0,0,0,0,0,0,0,0,0,0,0,0,0,0,0,0,0,0,0,0,0,0,0,0,0,0,0,0,0,0,0,0,0,0,0,0,0,0,0,0,0,0,0,0,0,0,0,0,0,0,0,0,0,0,0,0,0,0,0,0,0,0,0,0,0,86.22703757,74.49823019,66.56471237,59.16969498,0
0,0,0,0,0,0,0,0,0,0,0,0,0,0,0,0,0,0,0,0,0,0,0,0,0,0,0,0,0,0,0,0,0,0,0,0,0,0,0,0,0,0,0,0,0,0,0,0,0,0,0,0,0,0,0,0,0,0,0,0,0,0,0,0,0,0,0,0,0,0,0,0,0,0,0,78.50790467,68.81766923,59.46473484,53.13924172,47.24938186,0
0,0,0,0,0,0,0,0,0,0,0,0,0,0,0,0,0,0,0,0,0,0,0,0,0,0,0,0,0,0,0,0,0,0,0,0,0,0,0,0,0,0,0,0,0,0,0,0,0,0,0,0,0,0,0,0,0,0,0,0,0,0,0,0,0,0,0,0,0,0,0,0,0,0,70.31399912,62.63466386,54.9232785,47.4649489,42.42156107,37.73053227,0
0,0,0,0,0,0,0,0,0,0,0,0,0,0,0,0,0,0,0,0,0,0,0,0,0,0,0,0,0,0,0,0,0,0,0,0,0,0,0,0,0,0,0,0,0,0,0,0,0,0,0,0,0,0,0,0,0,0,0,0,0,0,0,0,0,0,0,0,0,0,0,0,0,62.80181655,56.08589417,49.97077853,43.83418611,37.8866799,33.86553487,30.12934793,0
0,0,0,0,0,0,0,0,0,0,0,0,0,0,0,0,0,0,0,0,0,0,0,0,0,0,0,0,0,0,0,0,0,0,0,0,0,0,0,0,0,0,0,0,0,0,0,0,0,0,0,0,0,0,0,0,0,0,0,0,0,0,0,0,0,0,0,0,0,0,0,0,58.12166913,50.08714459,44.73685986,39.86736023,34.98399813,30.24127376,27.03517795,24.05949643,0
0,0,0,0,0,0,0,0,0,0,0,0,0,0,0,0,0,0,0,0,0,0,0,0,0,0,0,0,0,0,0,0,0,0,0,0,0,0,0,0,0,0,0,0,0,0,0,0,0,0,0,0,0,0,0,0,0,0,0,0,0,0,0,0,0,0,0,0,0,0,0,52.72020792,46.34510034,39.94664789,35.6843135,31.80671701,27.92067638,24.13868519,21.58243917,19.21247582,0
0,0,0,0,0,0,0,0,0,0,0,0,0,0,0,0,0,0,0,0,0,0,0,0,0,0,0,0,0,0,0,0,0,0,0,0,0,0,0,0,0,0,0,0,0,0,0,0,0,0,0,0,0,0,0,0,0,0,0,0,0,0,0,0,0,0,0,0,0,0,47.17848877,42.02668569,36.95469103,31.85916648,28.46355854,25.37582727,22.2834499,19.26757871,17.22946606,15.34193487,0
0,0,0,0,0,0,0,0,0,0,0,0,0,0,0,0,0,0,0,0,0,0,0,0,0,0,0,0,0,0,0,0,0,0,0,0,0,0,0,0,0,0,0,0,0,0,0,0,0,0,0,0,0,0,0,0,0,0,0,0,0,0,0,0,0,0,0,0,0,42.58763762,37.60147651,33.50218786,29.46695939,25.40905288,22.70393026,20.24517681,17.78438791,15.37944534,13.7544463,12.2511522,0
0,0,0,0,0,0,0,0,0,0,0,0,0,0,0,0,0,0,0,0,0,0,0,0,0,0,0,0,0,0,0,0,0,0,0,0,0,0,0,0,0,0,0,0,0,0,0,0,0,0,0,0,0,0,0,0,0,0,0,0,0,0,0,0,0,0,0,0,38.86388647,33.93804606,29.96855288,26.7067596,23.49638629,20.26481041,18.10976826,16.15187477,14.19369329,12.27592436,10.98030504,9.783037902,0
0,0,0,0,0,0,0,0,0,0,0,0,0,0,0,0,0,0,0,0,0,0,0,0,0,0,0,0,0,0,0,0,0,0,0,0,0,0,0,0,0,0,0,0,0,0,0,0,0,0,0,0,0,0,0,0,0,0,0,0,0,0,0,0,0,0,0,35.28578297,30.96653731,27.04519515,23.885077,21.28968446,18.7355662,16.16205621,14.44523934,12.88618326,11.32796531,9.798683608,8.765681738,7.812149339,0
0,0,0,0,0,0,0,0,0,0,0,0,0,0,0,0,0,0,0,0,0,0,0,0,0,0,0,0,0,0,0,0,0,0,0,0,0,0,0,0,0,0,0,0,0,0,0,0,0,0,0,0,0,0,0,0,0,0,0,0,0,0,0,0,0,0,31.49103212,28.10636341,24.67397166,21.55228911,19.03651824,16.97138369,14.9393799,12.88993361,11.52223135,10.28077058,9.040832107,7.821341809,6.997726936,6.238315532,0
0,0,0,0,0,0,0,0,0,0,0,0,0,0,0,0,0,0,0,0,0,0,0,0,0,0,0,0,0,0,0,0,0,0,0,0,0,0,0,0,0,0,0,0,0,0,0,0,0,0,0,0,0,0,0,0,0,0,0,0,0,0,0,0,0,28.30264816,25.08040189,22.38770398,19.66008892,17.17499775,15.17219419,13.52898701,11.912374,10.28027538,9.19069682,8.202137256,7.215474531,6.243021016,5.586351836,4.981545922,0
0,0,0,0,0,0,0,0,0,0,0,0,0,0,0,0,0,0,0,0,0,0,0,0,0,0,0,0,0,0,0,0,0,0,0,0,0,0,0,0,0,0,0,0,0,0,0,0,0,0,0,0,0,0,0,0,0,0,0,0,0,0,0,0,25.86798956,22.53264194,19.97478383,17.83259123,15.66505392,13.68673863,12.09230983,10.78483009,9.498697761,8.198960916,7.330950531,6.543775587,5.758659391,4.983200115,4.459637697,3.977964828,0
0,0,0,0,0,0,0,0,0,0,0,0,0,0,0,0,0,0,0,0,0,0,0,0,0,0,0,0,0,0,0,0,0,0,0,0,0,0,0,0,0,0,0,0,0,0,0,0,0,0,0,0,0,0,0,0,0,0,0,0,0,0,0,23.24385556,20.59793984,17.93895575,15.90851657,14.2042842,12.48183136,10.9069484,9.637627567,8.597285217,7.57407878,6.539023287,5.847525682,5.220712309,4.595977414,3.977606887,3.560171105,3.17656495,0
0,0,0,0,0,0,0,0,0,0,0,0,0,0,0,0,0,0,0,0,0,0,0,0,0,0,0,0,0,0,0,0,0,0,0,0,0,0,0,0,0,0,0,0,0,0,0,0,0,0,0,0,0,0,0,0,0,0,0,0,0,0,15.54732177,18.50147273,16.40155005,14.28177548,12.67001944,11.31421043,9.945456606,8.69173633,7.681234308,6.853451794,6.039424646,5.215151771,4.66427327,4.165154604,3.668042674,3.174939032,2.842118387,2.536614906,0
0,0,0,0,0,0,0,0,0,0,0,0,0,0,0,0,0,0,0,0,0,0,0,0,0,0,0,0,0,0,0,0,0,0,0,0,0,0,0,0,0,0,0,0,0,0,0,0,0,0,0,0,0,0,0,0,0,0,0,0,0,13.79180099,12.50885854,14.72666582,13.06008496,11.3701775,10.09078325,9.012165334,7.924486742,6.926436036,6.121979718,5.463329447,4.815720976,4.159307408,3.720453114,3.323016449,2.927459351,2.534246883,2.268890086,2.025589052,0
0,0,0,0,0,0,0,0,0,0,0,0,0,0,0,0,0,0,0,0,0,0,0,0,0,0,0,0,0,0,0,0,0,0,0,0,0,0,0,0,0,0,0,0,0,0,0,0,0,0,0,0,0,0,0,0,0,0,0,0,12.63972689,11.09467644,10.06421199,11.72202286,10.39937192,9.052161369,8.036602246,7.178505694,6.314188741,5.519669988,4.879246507,4.355173064,3.839963221,3.317226204,2.967615869,2.651147284,2.336400913,2.022844281,1.811276492,1.617514348,0
0,0,0,0,0,0,0,0,0,0,0,0,0,0,0,0,0,0,0,0,0,0,0,0,0,0,0,0,0,0,0,0,0,0,0,0,0,0,0,0,0,0,0,0,0,0,0,0,0,0,0,0,0,0,0,0,0,0,0,12.31594039,10.16685191,8.925001561,8.097330587,9.330409306,8.280722267,7.206714713,6.400590919,5.717931495,5.031111888,4.398619523,3.888782318,3.471789977,3.061912767,2.645630296,2.367115961,2.115121015,1.864678061,1.614641026,1.445959216,1.29165028,0
0,0,0,0,0,0,0,0,0,0,0,0,0,0,0,0,0,0,0,0,0,0,0,0,0,0,0,0,0,0,0,0,0,0,0,0,0,0,0,0,0,0,0,0,0,0,0,0,0,0,0,0,0,0,0,0,0,0,10.91802781,9.889613231,8.177777785,7.17962829,6.514843162,7.42675039,6.593702177,5.737495703,5.09762246,4.554532931,4.0087631,3.505255523,3.09937772,2.767588215,2.44151031,2.11000373,1.888127783,1.687472037,1.488196761,1.288811831,1.154322968,1.031434712,0
0,0,0,0,0,0,0,0,0,0,0,0,0,0,0,0,0,0,0,0,0,0,0,0,0,0,0,0,0,0,0,0,0,0,0,0,0,0,0,0,0,0,0,0,0,0,0,0,0,0,0,0,0,0,0,0,0,9.796966397,8.765738321,7.941289643,6.577852228,5.77558021,5.241626356,5.911490005,5.250376356,4.567803534,4.059899324,3.627845181,3.194161042,2.79333464,2.470218559,2.206223469,1.946813331,1.68281855,1.506063321,1.346287922,1.187727601,1.028733885,0.921506982,0.823642112,0
0,0,0,0,0,0,0,0,0,0,0,0,0,0,0,0,0,0,0,0,0,0,0,0,0,0,0,0,0,0,0,0,0,0,0,0,0,0,0,0,0,0,0,0,0,0,0,0,0,0,0,0,0,0,0,0,9.399569353,7.860609017,7.037733337,6.376799549,5.290941021,4.646107766,4.217238417,4.705384219,4.180724446,3.636574249,3.233425513,2.889705895,2.54509047,2.226005596,1.968775761,1.758723342,1.552351481,1.342120032,1.201309968,1.074086639,0.947923615,0.821138805,0.735647771,0.657711362,0
0,0,0,0,0,0,0,0,0,0,0,0,0,0,0,0,0,0,0,0,0,0,0,0,0,0,0,0,0,0,0,0,0,0,0,0,0,0,0,0,0,0,0,0,0,0,0,0,0,0,0,0,0,0,0,8.55239826,7.536917827,6.306970098,5.650372931,5.120525042,4.255805073,3.73751495,3.393049915,3.745357029,3.328991239,2.89519288,2.575196998,2.301752071,2.027914503,1.773901645,1.569123502,1.401992064,1.237815194,1.070398339,0.958223747,0.856920788,0.756536414,0.655435722,0.587274598,0.525208983,0
0,0,0,0,0,0,0,0,0,0,0,0,0,0,0,0,0,0,0,0,0,0,0,0,0,0,0,0,0,0,0,0,0,0,0,0,0,0,0,0,0,0,0,0,0,0,0,0,0,0,0,0,0,0,7.750606471,6.852167706,6.04337584,5.060405845,4.536505253,4.111745478,3.423186301,3.006606541,2.72993523,2.981201667,2.65078046,2.304955499,2.050964078,1.833426234,1.615831452,1.413620457,1.25059878,1.117618502,0.987010012,0.853688624,0.764326256,0.683662948,0.603790576,0.523170971,0.468826886,0.419400502,0
0,0,0,0,0,0,0,0,0,0,0,0,0,0,0,0,0,0,0,0,0,0,0,0,0,0,0,0,0,0,0,0,0,0,0,0,0,0,0,0,0,0,0,0,0,0,0,0,0,0,0,0,0,7.068871896,6.205832721,5.489945725,4.845799355,4.060223359,3.642216216,3.301702606,2.753463622,2.418634577,2.196415185,2.372954917,2.110740625,1.835048673,1.633449268,1.460388283,1.287485877,1.126512736,0.996733085,0.890925953,0.787022787,0.680853324,0.609664107,0.545435509,0.481884352,0.417596807,0.374268954,0.334908173,0
0,0,0,0,0,0,0,0,0,0,0,0,0,0,0,0,0,0,0,0,0,0,0,0,0,0,0,0,0,0,0,0,0,0,0,0,0,0,0,0,0,0,0,0,0,0,0,0,0,0,0,0,6.515167236,5.657257139,4.968947902,4.398535669,3.885538813,3.257725611,2.924219906,2.651243896,2.214767544,1.945646409,1.767162684,1.888807155,1.680722358,1.460940844,1.300927958,1.163250475,1.025861875,0.897716879,0.794400937,0.710214669,0.627556823,0.543009753,0.486297992,0.435155796,0.384591178,0.333327159,0.298782458,0.26743765,0
0,0,0,0,0,0,0,0,0,0,0,0,0,0,0,0,0,0,0,0,0,0,0,0,0,0,0,0,0,0,0,0,0,0,0,0,0,0,0,0,0,0,0,0,0,0,0,0,0,0,0,5.997374485,5.211639377,4.527534068,3.978586655,3.524099691,3.115566857,2.613840476,2.347763435,2.128930141,1.781463621,1.565155805,1.421800382,1.50343879,1.338311117,1.163101656,1.03609802,0.926569792,0.817401267,0.715389688,0.633141267,0.566158022,0.500401733,0.433073588,0.387895129,0.347173156,0.306941642,0.266062845,0.238520872,0.213559723,0
0,0,0,0,0,0,0,0,0,0,0,0,0,0,0,0,0,0,0,0,0,0,0,0,0,0,0,0,0,0,0,0,0,0,0,0,0,0,0,0,0,0,0,0,0,0,0,0,0,0,4.647713103,4.793064074,4.168916009,3.623410469,3.185614357,2.823502994,2.498175236,2.097218382,1.884944815,1.709515881,1.432932608,1.259073942,1.143933349,1.196696121,1.065658845,0.925982367,0.825179519,0.738045329,0.651300967,0.570093331,0.504616555,0.451321157,0.399010711,0.345394777,0.309404178,0.27697942,0.244969664,0.212372247,0.190413477,0.17053603,0
0,0,0,0,0,0,0,0,0,0,0,0,0,0,0,0,0,0,0,0,0,0,0,0,0,0,0,0,0,0,0,0,0,0,0,0,0,0,0,0,0,0,0,0,0,0,0,0,0,4.226373392,3.737104975,3.830586748,3.334816444,2.899835369,2.550689406,2.262186049,2.003128097,1.682705958,1.513362421,1.37272919,1.152589273,1.012849446,0.920370766,0.952537353,0.848553643,0.73720413,0.657197703,0.587878983,0.518953134,0.454306808,0.402181758,0.359777269,0.318163461,0.275467161,0.246795947,0.220977912,0.195509921,0.169516233,0.152008886,0.136179881,0
0,0,0,0,0,0,0,0,0,0,0,0,0,0,0,0,0,0,0,0,0,0,0,0,0,0,0,0,0,0,0,0,0,0,0,0,0,0,0,0,0,0,0,0,0,0,0,0,3.967683587,3.395650688,3.004908712,3.061380904,2.667600088,2.320754228,2.042311377,1.812459818,1.60618123,1.350121363,1.215030699,1.102291854,0.927093168,0.814776613,0.74049974,0.758193657,0.675678984,0.586911748,0.52341195,0.468266224,0.413499087,0.362036643,0.320540745,0.286801718,0.253697421,0.219696886,0.196856551,0.176299155,0.156036174,0.13530842,0.121350136,0.108745113,0
0,0,0,0,0,0,0,0,0,0,0,0,0,0,0,0,0,0,0,0,0,0,0,0,0,0,0,0,0,0,0,0,0,0,0,0,0,0,0,0,0,0,0,0,0,0,0,3.717445309,3.185407098,2.728212234,2.41616878,2.446636419,2.133877636,1.8573124,1.635258198,1.452139886,1.287894742,1.083271671,0.97550962,0.885132581,0.745713814,0.655438901,0.595781488,0.603501396,0.538023839,0.467259184,0.416860966,0.372990467,0.329473866,0.288506641,0.255472475,0.228628189,0.20229344,0.175217697,0.15702244,0.140653841,0.124532236,0.108003631,0.096874966,0.086837348,0
0,0,0,0,0,0,0,0,0,0,0,0,0,0,0,0,0,0,0,0,0,0,0,0,0,0,0,0,0,0,0,0,0,0,0,0,0,0,0,0,0,0,0,0,0,0,3.383753669,2.980455282,2.557365817,2.19196339,1.942778344,1.955336481,1.706940177,1.48641735,1.309334807,1.163452136,1.032681017,0.869164466,0.78320574,0.710755217,0.599820074,0.527261272,0.479345991,0.48037059,0.428412987,0.371999956,0.332000568,0.297099985,0.262523018,0.229910655,0.203612759,0.182254308,0.161304896,0.139743635,0.125248799,0.112215529,0.099388991,0.086208857,0.077336205,0.069343116,0
0,0,0,0,0,0,0,0,0,0,0,0,0,0,0,0,0,0,0,0,0,0,0,0,0,0,0,0,0,0,0,0,0,0,0,0,0,0,0,0,0,0,0,0,0,3.066063991,2.71034014,2.389574815,2.053150421,1.761117938,1.562137433,1.562692653,1.365422608,1.189587998,1.048371224,0.932155977,0.828041336,0.697375265,0.628811054,0.570731424,0.482469433,0.42415006,0.385665858,0.38236184,0.341133002,0.296161044,0.264415204,0.236650556,0.209176939,0.183215573,0.162280322,0.14528669,0.12862142,0.111451548,0.099904585,0.08952706,0.079322204,0.068812196,0.061738226,0.055373268,0
0,0,0,0,0,0,0,0,0,0,0,0,0,0,0,0,0,0,0,0,0,0,0,0,0,0,0,0,0,0,0,0,0,0,0,0,0,0,0,0,0,0,0,0,2.868332897,2.453959921,2.170945167,1.915837433,1.648347147,1.414958117,1.256073997,1.248894167,1.092234469,0.952033831,0.839420304,0.746841867,0.66395377,0.559539971,0.504852455,0.458293306,0.388077631,0.341203276,0.310293936,0.304349558,0.271634447,0.235783264,0.210588194,0.188500466,0.166671069,0.146004308,0.129338177,0.115817413,0.102560244,0.088887394,0.079688797,0.071425895,0.063306932,0.054926123,0.049286212,0.044217782,0
0,0,0,0,0,0,0,0,0,0,0,0,0,0,0,0,0,0,0,0,0,0,0,0,0,0,0,0,0,0,0,0,0,0,0,0,0,0,0,0,0,0,0,2.676200077,2.293985052,1.964055321,1.738897214,1.536019315,1.323355703,1.136838385,1.009976364,0.998108386,0.87370469,0.761917922,0.672115403,0.5983685,0.53238237,0.44894764,0.405330028,0.368006291,0.312152932,0.274477565,0.249652192,0.242253916,0.216294737,0.187714585,0.16771875,0.150147231,0.132802618,0.116350687,0.103083133,0.092325546,0.081779565,0.070891512,0.063563692,0.056984541,0.050525168,0.043842214,0.039345651,0.035309678,0
0,0,0,0,0,0,0,0,0,0,0,0,0,0,0,0,0,0,0,0,0,0,0,0,0,0,0,0,0,0,0,0,0,0,0,0,0,0,0,0,0,0,2.60872786,2.137565575,1.834643191,1.571954485,1.392832748,1.231500802,1.062440227,0.913384996,0.812095672,0.797681962,0.69889745,0.609767113,0.53815605,0.479411878,0.426883618,0.360213736,0.325426626,0.295506455,0.251082374,0.220800733,0.200861859,0.192827486,0.17222931,0.149445575,0.13357624,0.119597534,0.105816417,0.092719747,0.08215774,0.073598661,0.065209451,0.056539024,0.050701518,0.045463034,0.04032406,0.034995001,0.031410007,0.028196198,0
0,0,0,0,0,0,0,0,0,0,0,0,0,0,0,0,0,0,0,0,0,0,0,0,0,0,0,0,0,0,0,0,0,0,0,0,0,0,0,0,0,2.361400376,2.073819525,1.707341175,1.467278802,1.258132027,1.11563987,0.987353617,0.852967371,0.733852905,0.652984965,0.637502421,0.559064923,0.487999981,0.430896141,0.384104024,0.342290868,0.28901797,0.261274719,0.237289598,0.201959847,0.177620943,0.161606778,0.1534854,0.137141271,0.118978394,0.106384121,0.095263629,0.084313957,0.073888274,0.065480103,0.05867025,0.051996761,0.045092299,0.040442018,0.036271021,0.032182572,0.027933126,0.025074906,0.022515799,0
0,0,0,0,0,0,0,0,0,0,0,0,0,0,0,0,0,0,0,0,0,0,0,0,0,0,0,0,0,0,0,0,0,0,0,0,0,0,0,0,2.164470488,1.87530239,1.648591824,1.363707352,1.173474544,1.006960579,0.893612189,0.791609037,0.684794606,0.589609079,0.525048192,0.509487937,0.447209513,0.390549074,0.345014211,0.307743526,0.274461313,0.231893953,0.209769187,0.190541873,0.162447803,0.142885392,0.130023444,0.122170177,0.109201669,0.094722499,0.084727503,0.075880821,0.067180911,0.058881492,0.052187949,0.046769849,0.041461217,0.035963044,0.032258537,0.028937509,0.025684862,0.022296314,0.020017536,0.017979771,0
0,0,0,0,0,0,0,0,0,0,0,0,0,0,0,0,0,0,0,0,0,0,0,0,0,0,0,0,0,0,0,0,0,0,0,0,0,0,0,1.948727792,1.719043887,1.48926844,1.310555219,1.089236158,0.93850092,0.805932593,0.71577107,0.634671162,0.549779122,0.473717367,0.422177567,0.407179564,0.357733673,0.312558577,0.276249412,0.246563617,0.220073099,0.186060421,0.168417028,0.15300378,0.130666016,0.114942725,0.104612543,0.097244116,0.086954164,0.075411606,0.067479523,0.060441735,0.053529391,0.046922603,0.04159404,0.03728327,0.033060376,0.028682071,0.025730991,0.023086735,0.02049905,0.017796992,0.015980189,0.01435757,0
0,0,0,0,0,0,0,0,0,0,0,0,0,0,0,0,0,0,0,0,0,0,0,0,0,0,0,0,0,0,0,0,0,0,0,0,0,0,1.922299606,1.545586738,1.365281671,1.182700186,1.041831554,0.870007341,0.75057783,0.64503751,0.573322781,0.508846496,0.441383563,0.380604966,0.339461978,0.325415354,0.286159792,0.250142352,0.221190128,0.197546372,0.176462645,0.149285826,0.135216692,0.122860955,0.105102115,0.092464526,0.084167777,0.077403655,0.069239113,0.060037587,0.053742715,0.048143961,0.042651933,0.037392575,0.033150644,0.029720905,0.026361708,0.022875183,0.0205243,0.018418908,0.016360261,0.014205618,0.012757136,0.011465098,0
0,0,0,0,0,0,0,0,0,0,0,0,0,0,0,0,0,0,0,0,0,0,0,0,0,0,0,0,0,0,0,0,0,0,0,0,0,1.68912951,1.517322933,1.225845074,1.084320217,0.93923949,0.828208512,0.694902357,0.600283992,0.516263262,0.45922366,0.407966789,0.35435949,0.305794447,0.27295253,0.26006991,0.228906118,0.200190303,0.177104713,0.158273835,0.14149419,0.119779681,0.108561194,0.09865648,0.084539615,0.074382164,0.067718597,0.06161119,0.055133124,0.04779784,0.042802309,0.038348353,0.033984833,0.029798106,0.026421219,0.023692454,0.021020318,0.01824394,0.016371189,0.014694853,0.0130571,0.011338972,0.010184143,0.009155342,0
0,0,0,0,0,0,0,0,0,0,0,0,0,0,0,0,0,0,0,0,0,0,0,0,0,0,0,0,0,0,0,0,0,0,0,0,1.573455573,1.332860614,1.197663921,0.972249637,0.861177849,0.745895562,0.658387948,0.555040473,0.480084619,0.413197297,0.367831835,0.32708666,0.284493259,0.245688449,0.219474015,0.207846241,0.183107523,0.160213403,0.141805964,0.126808742,0.113455207,0.096105387,0.08716034,0.079220458,0.068000025,0.059835988,0.054484133,0.049040821,0.043900929,0.038053387,0.034089042,0.030545808,0.027078933,0.023746081,0.021057835,0.018886787,0.016761197,0.014550326,0.013058463,0.011723752,0.010420852,0.009050805,0.008130098,0.007310909,0
0,0,0,0,0,0,0,0,0,0,0,0,0,0,0,0,0,0,0,0,0,0,0,0,0,0,0,0,0,0,0,0,0,0,0,1.390078985,1.241197477,1.051735469,0.94534844,0.771116495,0.683955972,0.592351786,0.523388354,0.443328366,0.383953669,0.330707255,0.29462824,0.262241158,0.228401995,0.197396698,0.176473336,0.166109412,0.146472123,0.128219669,0.113542611,0.10159896,0.090972526,0.077110285,0.069978273,0.063613468,0.054696291,0.048134463,0.043836123,0.039035151,0.034957054,0.030295517,0.027149535,0.024330807,0.021576349,0.018923228,0.016783193,0.015055879,0.013365056,0.011604509,0.01041607,0.009353367,0.008316866,0.007224382,0.006490334,0.005838055,0
0,0,0,0,0,0,0,0,0,0,0,0,0,0,0,0,0,0,0,0,0,0,0,0,0,0,0,0,0,0,0,0,0,0,2.309296917,1.096208956,0.979100524,0.829904857,0.746189024,0.611592565,0.543204603,0.470415238,0.416069842,0.354100376,0.307071741,0.264685392,0.235993167,0.210251391,0.183369798,0.158597022,0.14189761,0.1327536,0.117166583,0.102614908,0.090912427,0.081400923,0.072945092,0.06186954,0.056183337,0.051081166,0.043995341,0.038721287,0.035269088,0.031070911,0.027835301,0.024119228,0.021622703,0.019380341,0.01719192,0.015079902,0.013376284,0.012002014,0.010657039,0.009255094,0.008308369,0.007462242,0.006637678,0.005766526,0.005181296,0.004661922,0
0,0,0,0,0,0,0,0,0,0,0,0,0,0,0,0,0,0,0,0,0,0,0,0,0,0,0,0,0,0,0,0,0,1.93027509,1.746980747,0.8644646,0.772349166,0.654862455,0.588987125,0.485069983,0.431418473,0.373579521,0.330756525,0.28283116,0.245584459,0.211844028,0.18902728,0.168568685,0.147216239,0.127423688,0.11409617,0.106095845,0.093724375,0.082123276,0.072792667,0.065218288,0.058490038,0.049641107,0.045107819,0.041017816,0.035387957,0.031148952,0.028376337,0.024731595,0.022164454,0.019202088,0.017220969,0.015437121,0.01369843,0.012017159,0.010660961,0.009567581,0.008497717,0.007381335,0.006627162,0.005953477,0.005297521,0.00460286,0.004136277,0.003722732,0
0,0,0,0,0,0,0,0,0,0,0,0,0,0,0,0,0,0,0,0,0,0,0,0,0,0,0,0,0,0,0,0,1.668251318,1.464094457,1.321589141,0.681712224,0.609256374,0.516739758,0.464903426,0.38472163,0.342636822,0.296677588,0.262936334,0.225906186,0.196409238,0.169551828,0.151408251,0.135149649,0.118190789,0.102377688,0.091741757,0.084791134,0.074972388,0.065723711,0.058284357,0.052252787,0.046899447,0.039829608,0.036215638,0.032937017,0.028464549,0.025057463,0.022830658,0.019685673,0.01764892,0.015287395,0.013715296,0.012296208,0.010914836,0.009576462,0.008496836,0.007626938,0.006775916,0.005886932,0.00528615,0.004749764,0.004227944,0.003674018,0.00330203,0.002972751,0
0,0,0,0,0,0,0,0,0,0,0,0,0,0,0,0,0,0,0,0,0,0,0,0,0,0,0,0,0,0,0,1.381424385,1.26877919,1.110501084,0.999780828,0.537594664,0.480603003,0.407749712,0.366960815,0.305132739,0.272125555,0.235606039,0.209022379,0.18043841,0.157080741,0.135702774,0.121275926,0.108355995,0.094888055,0.08225465,0.073767155,0.067764542,0.059972221,0.052599048,0.046667699,0.041864849,0.037605689,0.031957339,0.029076387,0.026448192,0.022895657,0.020157226,0.018368789,0.015669256,0.01405333,0.012170783,0.010923273,0.009794361,0.008696883,0.007631473,0.006772018,0.006079925,0.005402985,0.004695081,0.004216492,0.003789426,0.003374316,0.002932614,0.002636042,0.002373861,0
0,0,0,0,0,0,0,0,0,0,0,0,0,0,0,0,0,0,0,0,0,0,0,0,0,0,0,0,0,0,0.678749417,1.054668299,0.964962902,0.842304027,0.75633317,0.423944317,0.379116669,0.321747698,0.28965207,0.242008718,0.21612481,0.187106165,0.166163246,0.14412186,0.125627284,0.108611291,0.097140349,0.086874229,0.076179735,0.066086934,0.059314247,0.054156997,0.047973226,0.042095308,0.037366358,0.03354205,0.030153614,0.025641014,0.023344509,0.021237712,0.01841628,0.016215279,0.014778917,0.012472299,0.011190265,0.009689549,0.008699622,0.007801552,0.00692963,0.006081513,0.00539733,0.004846701,0.004308236,0.003744528,0.003363281,0.003023255,0.002693036,0.002340822,0.002104377,0.001895624,0
0,0,0,0,0,0,0,0,0,0,0,0,0,0,0,0,0,0,0,0,0,0,0,0,0,0,0,0,0,0.60891734,0.540939438,0.805201669,0.733897127,0.638879227,0.572165266,0.334320252,0.299060654,0.253885112,0.228630192,0.191943414,0.171648463,0.148590066,0.132092193,0.115114684,0.100471989,0.086928308,0.077808083,0.069651262,0.061159985,0.053097094,0.04769304,0.043281933,0.03837494,0.033689107,0.029918867,0.026873836,0.024178269,0.020573101,0.018742566,0.017053733,0.014813263,0.013044219,0.011890626,0.009927609,0.008910488,0.00771416,0.00692864,0.00621421,0.005521492,0.004846352,0.004301697,0.003863619,0.003435305,0.002986422,0.002682718,0.002411994,0.002149308,0.001868452,0.001679944,0.001513732,0
0,0,0,0,0,0,0,0,0,0,0,0,0,0,0,0,0,0,0,0,0,0,0,0,0,0,0,0,0.564503689,0.485002891,0.431109726,0.614742786,0.558161347,0.484583539,0.432842436,0.263643187,0.235909634,0.20033601,0.180463978,0.152235318,0.136324908,0.118002567,0.105007262,0.091945736,0.080353728,0.069574081,0.062323204,0.055842777,0.049101559,0.042660495,0.038348731,0.034590649,0.03069704,0.026961578,0.023955736,0.021531274,0.019387018,0.016506855,0.015047812,0.013694027,0.01191515,0.010493292,0.009566802,0.007902105,0.007095166,0.006141489,0.005518176,0.004949836,0.004399496,0.003862053,0.003428473,0.00307994,0.002739246,0.0023818,0.002139867,0.001924321,0.00171536,0.001491404,0.001341115,0.001208776,0
0,0,0,0,0,0,0,0,0,0,0,0,0,0,0,0,0,0,0,0,0,0,0,0,0,0,0,0.507401264,0.449362694,0.386304986,0.343579305,0.469334214,0.424506484,0.367551795,0.327444859,0.207907627,0.186093874,0.158081412,0.142445086,0.120741794,0.108270592,0.093711553,0.083475978,0.073439965,0.064263897,0.055684424,0.049920029,0.044771849,0.039420597,0.034275282,0.030835215,0.02764463,0.024555302,0.021577499,0.019181117,0.017250822,0.015545219,0.013244297,0.012081411,0.010996207,0.009584034,0.008441224,0.007697131,0.006289859,0.005649678,0.004889435,0.004394841,0.003942718,0.003505495,0.003077666,0.002732509,0.00245522,0.002184222,0.001899588,0.001706863,0.001535249,0.001369026,0.001190444,0.001070625,0.000965256,0
0,0,0,0,0,0,0,0,0,0,0,0,0,0,0,0,0,0,0,0,0,0,0,0,0,0,0.957363555,0.40356414,0.357706841,0.307692067,0.273820635,0.35831995,0.322856027,0.278784381,0.247711699,0.163954858,0.146797438,0.124739096,0.112435749,0.095763459,0.085989576,0.074420882,0.066359591,0.058658821,0.051395854,0.044567675,0.039985257,0.035895752,0.031648352,0.02753824,0.024793793,0.022093415,0.019642379,0.017268592,0.015358128,0.013821331,0.012464724,0.01062658,0.009699782,0.008829877,0.007708984,0.006790458,0.006192856,0.005006556,0.004498677,0.003892636,0.003500183,0.003140513,0.002793159,0.002452589,0.002177822,0.001957214,0.001741657,0.001515003,0.001361478,0.001224843,0.001092618,0.000950216,0.00085469,0.000770796,0
0,0,0,0,0,0,0,0,0,0,0,0,0,0,0,0,0,0,0,0,0,0,0,0,0,0.775693169,0.713205122,0.320976763,0.284745898,0.245076848,0.218225425,0.273564515,0.245546342,0.21145518,0.187393646,0.129293936,0.115799018,0.098429296,0.088748569,0.075952492,0.068293772,0.059101226,0.052752844,0.046852654,0.041104476,0.035670256,0.03202764,0.028779356,0.025408499,0.02212541,0.019936042,0.017656918,0.015712412,0.013820149,0.012297099,0.011073628,0.009994671,0.00852625,0.007787647,0.007090329,0.006200775,0.005462516,0.004982566,0.003985081,0.003582168,0.003099051,0.002787651,0.002501529,0.002225574,0.001954466,0.001735735,0.001560222,0.001388763,0.00120828,0.001085981,0.000977196,0.000872016,0.000758466,0.000682307,0.000615511,0
0,0,0,0,0,0,0,0,0,0,0,0,0,0,0,0,0,0,0,0,0,0,0,0,0.647523822,0.581257435,0.531314926,0.255290478,0.226666692,0.195203802,0.173917997,0.208856761,0.186748894,0.160386651,0.141763101,0.101960516,0.091346366,0.077668723,0.07005164,0.060239899,0.05423959,0.046935146,0.041936102,0.037422695,0.032873818,0.028549104,0.025653699,0.023073799,0.020398909,0.017776509,0.016030052,0.014111299,0.012568737,0.011060342,0.009846163,0.008872173,0.008014092,0.006841048,0.006252455,0.005693484,0.004987636,0.004394266,0.004008807,0.003172016,0.002852378,0.002467254,0.002220169,0.001992555,0.001773326,0.001557512,0.001383389,0.001243754,0.001107373,0.000963655,0.000866232,0.00077962,0.000695955,0.00060541,0.000544692,0.000491511,0
0,0,0,0,0,0,0,0,0,0,0,0,0,0,0,0,0,0,0,0,0,0,0,0.521864291,0.488468437,0.435559083,0.395812567,0.203046562,0.180433817,0.155479902,0.138606533,0.159454695,0.142030825,0.121651679,0.10724364,0.080405525,0.072057248,0.061286941,0.055293649,0.047777832,0.043077619,0.037273472,0.033337286,0.029890689,0.026291247,0.022849607,0.02054826,0.018499378,0.016377019,0.014282414,0.012889347,0.011277661,0.010054036,0.008851652,0.007883724,0.007108371,0.006425991,0.005488924,0.005019898,0.004571827,0.00401184,0.003534924,0.003225353,0.002524838,0.002271267,0.00196426,0.001768209,0.00158714,0.001412977,0.00124118,0.001102567,0.000991477,0.000882998,0.000768556,0.000690949,0.000621991,0.000555441,0.00048324,0.000434833,0.000392491,0
0,0,0,0,0,0,0,0,0,0,0,0,0,0,0,0,0,0,0,0,0,0,0.399499825,0.396529699,0.368482835,0.326381572,0.294867659,0.161494101,0.143630995,0.123839801,0.110464537,0.121737979,0.108020748,0.092271589,0.081129704,0.063407373,0.056841309,0.048360383,0.043644769,0.037893842,0.034212672,0.029600669,0.02650162,0.023874638,0.021026753,0.018287948,0.016458874,0.014831844,0.013148093,0.011475107,0.010363988,0.009013036,0.008042466,0.007084026,0.006312419,0.005695215,0.005152594,0.004404046,0.004030317,0.003671145,0.003226951,0.002843634,0.002595012,0.002009702,0.001808545,0.00156381,0.001408254,0.001264213,0.001125852,0.000989095,0.000878751,0.00079037,0.000704086,0.000612957,0.000551135,0.000496233,0.000443296,0.000385724,0.000347131,0.00031342,0
0,0,0,0,0,0,0,0,0,0,0,0,0,0,0,0,0,0,0,0,0,0.333178616,0.307696947,0.301296342,0.277970058,0.244570563,0.219666942,0.128445143,0.11433479,0.098638448,0.088036355,0.092942609,0.082154574,0.069987082,0.061374538,0.05000272,0.044838438,0.038160277,0.034449993,0.030054593,0.027172042,0.023507325,0.021067578,0.019069428,0.016816408,0.014636972,0.013183332,0.011891405,0.010555788,0.009219596,0.008333413,0.007203162,0.006433362,0.005669385,0.00505429,0.004562997,0.004131538,0.003533592,0.003235814,0.002947904,0.00259562,0.002287533,0.00208786,0.001599667,0.001440092,0.001244999,0.001121576,0.00100699,0.000897073,0.000788209,0.000700369,0.000630055,0.000561424,0.000488859,0.000439612,0.000395901,0.000353794,0.000307886,0.000277118,0.000250278,0
0,0,0,0,0,0,0,0,0,0,0,0,0,0,0,0,0,0,0,0,0.291521397,0.258353355,0.23698987,0.228934898,0.209690508,0.183266353,0.163644822,0.102159489,0.09101409,0.078565561,0.070161882,0.070958371,0.062482201,0.053084506,0.046429775,0.039431881,0.035370147,0.030111563,0.027192309,0.02383708,0.021580305,0.018668305,0.016747763,0.015231355,0.013449132,0.01171487,0.010559667,0.009533913,0.008474588,0.007407421,0.00670068,0.005756722,0.005146202,0.00453724,0.004046919,0.003655866,0.003312818,0.002835182,0.002597932,0.002367146,0.002087805,0.001840183,0.001679823,0.001273292,0.001146704,0.000991183,0.000893257,0.000802103,0.000714783,0.000628123,0.000558197,0.000502258,0.000447669,0.000389886,0.000350656,0.000315855,0.000282363,0.000245756,0.000221226,0.000199857,0
0,0,0,0,0,0,0,0,0,0,0,0,0,0,0,0,0,0,0,0.240413547,0.226786412,0.200332353,0.182530892,0.173952285,0.158182898,0.137328694,0.12191014,0.081253062,0.072450079,0.062577499,0.055916555,0.054174188,0.047520488,0.04026407,0.035124077,0.031095774,0.027901225,0.023760474,0.021463623,0.018905808,0.017139292,0.014825405,0.013313706,0.012165764,0.010756112,0.009376133,0.008458148,0.007643798,0.006803721,0.005951442,0.005387842,0.004600736,0.004116571,0.003631178,0.003240328,0.002929074,0.002656339,0.002274812,0.002085797,0.001900801,0.001679341,0.001480317,0.00135153,0.001013505,0.000913088,0.000789113,0.000711417,0.000638903,0.000569535,0.00050055,0.000444886,0.000400382,0.000356963,0.000310951,0.000279701,0.000251994,0.000225353,0.000196163,0.000176607,0.000159594,0
0,0,0,0,0,0,0,0,0,0,0,0,0,0,0,0,0,0,0.25744338,0.188296676,0.17642642,0.155341708,0.140586291,0.132174683,0.119327429,0.102905798,0.090819142,0.06462503,0.057672542,0.049843002,0.044563529,0.041360062,0.036141441,0.030539896,0.026571328,0.024521963,0.022009474,0.018748947,0.016941817,0.014994689,0.013612195,0.011773572,0.010583789,0.00971718,0.008602335,0.007504297,0.00677486,0.006128402,0.005462286,0.004781645,0.004332223,0.003676879,0.003292944,0.002906052,0.002594498,0.002346769,0.002129949,0.001825199,0.001674621,0.00152633,0.001350789,0.001190826,0.001087396,0.000806722,0.000727066,0.000628238,0.000566593,0.000508909,0.000453803,0.000398888,0.000354576,0.00031917,0.000284635,0.000247997,0.000223103,0.000201044,0.000179854,0.000156578,0.000140987,0.000127442,0
0,0,0,0,0,0,0,0,0,0,0,0,0,0,0,0,0,0.208984207,0.197406046,0.147477704,0.137249324,0.120455064,0.108280329,0.100430683,0.090016275,0.077111367,0.067657346,0.051399842,0.045909157,0.03969997,0.035515567,0.031576934,0.02748717,0.023164208,0.020101182,0.019337891,0.017361853,0.014794444,0.013372633,0.011892678,0.01081094,0.009349964,0.008413629,0.007761419,0.006879824,0.006006151,0.00542657,0.004913435,0.00438533,0.00384178,0.003483428,0.002938539,0.002634106,0.002325729,0.002077388,0.001880228,0.001707871,0.00146445,0.0013445,0.001225632,0.001086517,0.000957948,0.000874883,0.000642129,0.000578942,0.00050016,0.000451252,0.000405364,0.000361588,0.000317874,0.000282599,0.000254431,0.000226963,0.000197788,0.000177958,0.000160396,0.000143541,0.000124981,0.000112551,0.000101768,0
0,0,0,0,0,0,0,0,0,0,0,0,0,0,0,0,0.17671001,0.161692411,0.151369777,0.115507474,0.10677186,0.093403263,0.083398101,0.076310545,0.067905006,0.057782583,0.050402551,0.040881122,0.036545134,0.031621041,0.028304659,0.024107864,0.020905213,0.017569821,0.015206524,0.015249759,0.013695644,0.01167402,0.01055538,0.009432392,0.008586156,0.007425259,0.006688451,0.006199291,0.005502226,0.004807093,0.004346608,0.003939338,0.00352071,0.003086652,0.002800934,0.002348462,0.002107085,0.001861294,0.001663344,0.001506435,0.001369433,0.001175004,0.001079456,0.000984174,0.000873947,0.000770612,0.000703902,0.000511117,0.000460995,0.000398194,0.000359391,0.000322886,0.000288111,0.000253313,0.000225233,0.000202824,0.000180976,0.000157744,0.000141948,0.000127966,0.00011456,9.97603E-05,8.98507E-05,8.12657E-05,0
0,0,0,0,0,0,0,0,0,0,0,0,0,0,0,0.147510994,0.137950265,0.125102448,0.11606944,0.090467753,0.083062194,0.072426756,0.064233673,0.057983269,0.051225069,0.043298765,0.037548283,0.032515005,0.029091076,0.025186171,0.022557819,0.018405495,0.015899343,0.013326535,0.01150372,0.012025879,0.010803609,0.009211752,0.008331646,0.007481076,0.00681921,0.005896758,0.005317013,0.004951569,0.004400474,0.003847412,0.003481573,0.003158358,0.00282656,0.002479949,0.002252158,0.001876876,0.001685508,0.001489604,0.001331823,0.001206954,0.001098062,0.000942766,0.000866661,0.000790285,0.000702966,0.000619911,0.000566336,0.000406835,0.000367077,0.000317015,0.000286229,0.00025719,0.000229565,0.000201865,0.000179511,0.000161684,0.000144306,0.000125808,0.000113225,0.000102093,9.14302E-05,7.9629E-05,7.17287E-05,6.48939E-05,0
0,0,0,0,0,0,0,0,0,0,0,0,0,0,0.122538525,0.116772763,0.10769212,0.09679256,0.089001354,0.070856145,0.064617476,0.056161154,0.049473126,0.0440576,0.03864233,0.032445469,0.027972266,0.025860973,0.023157412,0.020060795,0.017977789,0.01405194,0.012092156,0.010108044,0.008702552,0.009483545,0.00852227,0.007268822,0.006576393,0.005933436,0.005415884,0.004682901,0.004226782,0.003954975,0.003519334,0.003079321,0.002788692,0.002532208,0.002269269,0.001992498,0.001810901,0.001499988,0.001348278,0.001192138,0.001066377,0.000967009,0.000880466,0.000756429,0.000695815,0.000634593,0.000565435,0.000498681,0.000455655,0.00032383,0.000292293,0.000252385,0.000227962,0.000204861,0.000182916,0.000160866,0.000143071,0.000128889,0.000115067,0.000100337,9.03135E-05,8.1451E-05,7.29703E-05,6.35601E-05,5.72617E-05,5.18204E-05,0
0,0,0,0,0,0,0,0,0,0,0,0,0,0.101737448,0.097917181,0.092439742,0.084070826,0.07488902,0.068245706,0.055495943,0.050268576,0.04354848,0.038104472,0.033476417,0.029150369,0.024312668,0.02083844,0.020568654,0.018434028,0.015978431,0.014327666,0.010728155,0.009196621,0.007666851,0.006583472,0.007478673,0.006722668,0.005735692,0.005190924,0.004705963,0.004301349,0.003718918,0.003360099,0.003158964,0.002814631,0.00246457,0.002233704,0.002030193,0.001821856,0.001600859,0.001456099,0.001198781,0.00107852,0.000954075,0.000853837,0.000774766,0.00070599,0.000606922,0.000558648,0.000509574,0.000454812,0.000401159,0.000366605,0.00025776,0.000232744,0.000200932,0.000181556,0.000163179,0.000145747,0.000128194,0.000114029,0.000102745,9.17524E-05,8.00233E-05,7.20385E-05,6.49827E-05,5.82375E-05,5.07339E-05,4.57126E-05,4.13807E-05,0
0,0,0,0,0,0,0,0,0,0,0,0,0.091166062,0.082176723,0.07824294,0.073177217,0.065630649,0.057942112,0.0523304,0.043465527,0.03910598,0.033768362,0.029348272,0.025436486,0.021989979,0.018218439,0.015523969,0.016359382,0.014674066,0.012726826,0.011418647,0.008190564,0.006994439,0.00581523,0.00498039,0.005897642,0.005303079,0.004525927,0.004097337,0.003732421,0.003416174,0.002953373,0.002671125,0.002523164,0.002251036,0.001972548,0.001789166,0.001627704,0.001462655,0.001286199,0.001170811,0.000958058,0.000862734,0.000763551,0.000683659,0.000620742,0.000566088,0.000486965,0.00044852,0.000409184,0.000365831,0.000322708,0.000294958,0.00020517,0.000185328,0.000159968,0.000144596,0.000129978,0.00011613,0.000102158,9.08813E-05,8.19051E-05,7.31616E-05,6.3822E-05,5.74614E-05,5.18441E-05,4.64792E-05,4.0496E-05,3.64928E-05,3.30441E-05,0
0,0,0,0,0,0,0,0,0,0,0,0.079711204,0.074431719,0.066376874,0.062521792,0.057928603,0.051235159,0.044830181,0.040126638,0.034043066,0.030422141,0.026184662,0.0226042,0.019327481,0.016588441,0.013651794,0.011564859,0.013011517,0.011681018,0.010136922,0.00910026,0.006253204,0.005319581,0.004410794,0.00376766,0.00465085,0.004183256,0.003571325,0.003234138,0.002960281,0.002713159,0.002345417,0.002123423,0.002015331,0.001800294,0.001578751,0.001433098,0.001305009,0.001174275,0.001033388,0.000941419,0.000765674,0.000690122,0.000611074,0.000547399,0.000497337,0.00045391,0.000390717,0.000360103,0.000328572,0.000294259,0.0002596,0.000237313,0.000163309,0.000147571,0.000127356,0.000115161,0.000103532,9.2532E-05,8.14093E-05,7.24328E-05,6.52918E-05,5.83376E-05,5.09008E-05,4.58341E-05,4.13619E-05,3.7095E-05,3.2324E-05,2.91325E-05,2.63871E-05,0
0,0,0,0,0,0,0,0,0,0,0.069451935,0.065789097,0.060769114,0.053614811,0.049959453,0.045857484,0.039997189,0.034685396,0.030768866,0.026663207,0.023666627,0.02030411,0.017409878,0.014685657,0.012513717,0.010229827,0.008615449,0.010348775,0.009298458,0.008074062,0.007252588,0.004774099,0.004045778,0.003345544,0.002850231,0.003667636,0.003299901,0.002818066,0.002552793,0.002347876,0.002154818,0.001862609,0.001688024,0.001609708,0.001439808,0.001263572,0.001147891,0.001046288,0.000942753,0.000830268,0.00075697,0.000611922,0.000552045,0.000489046,0.000438297,0.000398466,0.000363962,0.000313492,0.000289115,0.000263841,0.000236689,0.000208832,0.000190935,0.00012999,0.000117507,0.000101392,9.17175E-05,8.24668E-05,7.3729E-05,6.4875E-05,5.77293E-05,5.20483E-05,4.65173E-05,4.05956E-05,3.65595E-05,3.29991E-05,2.96055E-05,2.58011E-05,2.32568E-05,2.10711E-05,0
0,0,0,0,0,0,0,0,0,0.05998317,0.057796754,0.054298581,0.049614402,0.043306467,0.039921231,0.036301736,0.031224167,0.026836312,0.023593383,0.020883154,0.018411236,0.015744213,0.013409183,0.011158647,0.009439893,0.007665612,0.006418233,0.00823095,0.007401865,0.006430993,0.005780058,0.003644854,0.003076994,0.002537561,0.002156197,0.002892278,0.002603078,0.002223683,0.002014988,0.001862161,0.001711378,0.001479188,0.001341902,0.001285725,0.001151504,0.001011315,0.000919445,0.00083886,0.000756878,0.000667073,0.00060866,0.000489044,0.000441594,0.000391386,0.00035094,0.00031925,0.000291838,0.000251531,0.000232121,0.000211862,0.000190382,0.000167993,0.00015362,0.000103468,9.35672E-05,8.07215E-05,7.30466E-05,6.56877E-05,5.87469E-05,5.16988E-05,4.60105E-05,4.14911E-05,3.7092E-05,3.23767E-05,2.91616E-05,2.63271E-05,2.36281E-05,2.05946E-05,1.85661E-05,1.68262E-05,0
0,0,0,0,0,0,0,0,0.054068275,0.050525194,0.048097505,0.044814962,0.040507237,0.034980075,0.031899963,0.028737207,0.024375428,0.020763425,0.018091265,0.016356102,0.014322853,0.012208377,0.010327826,0.008478708,0.007121112,0.005744145,0.004781377,0.006546528,0.005892117,0.005122289,0.004606503,0.002782716,0.00234019,0.001924715,0.00163116,0.002280835,0.0020534,0.001754667,0.001590484,0.001476929,0.001359193,0.001174695,0.001066751,0.001026949,0.00092093,0.000809417,0.000736463,0.000672554,0.00060765,0.000535956,0.000489408,0.000390841,0.000353242,0.000313229,0.000280994,0.000255783,0.000234006,0.000201816,0.000186363,0.000170124,0.000153135,0.00013514,0.000123597,8.23579E-05,7.45049E-05,6.4265E-05,5.81765E-05,5.23225E-05,4.68092E-05,4.11987E-05,3.66706E-05,3.30752E-05,2.95764E-05,2.58218E-05,2.32608E-05,2.10041E-05,1.88575E-05,1.64386E-05,1.48215E-05,1.34364E-05,0
0,0,0,0,0,0,0,0.048345684,0.046109918,0.042558525,0.04002595,0.036987722,0.033071773,0.028254571,0.025490388,0.022748969,0.019028898,0.016064794,0.013872274,0.012810425,0.011142333,0.009466619,0.007954548,0.006442402,0.005371908,0.004304314,0.003561973,0.005206813,0.004690311,0.004079905,0.003671221,0.002124505,0.001779819,0.001459877,0.001233971,0.001798655,0.001619795,0.001384575,0.001255412,0.00117139,0.001079485,0.000932882,0.000848018,0.000820257,0.000736525,0.000647827,0.000589897,0.000539219,0.000487845,0.00043061,0.00039352,0.000312358,0.000282567,0.000250679,0.000224989,0.000204933,0.000187635,0.000161927,0.000149625,0.000136608,0.000123176,0.000108712,9.94422E-05,6.55547E-05,5.93261E-05,5.11634E-05,4.63335E-05,4.16767E-05,3.72973E-05,3.28312E-05,2.92267E-05,2.63664E-05,2.35837E-05,2.0594E-05,1.85539E-05,1.67574E-05,1.50502E-05,1.31214E-05,1.18321E-05,1.07295E-05,0
0,0,0,0,0,0,0.043021325,0.041735897,0.039322959,0.035848018,0.033308935,0.030527563,0.027001155,0.022822157,0.020368671,0.018008556,0.014855081,0.012429434,0.010637177,0.01003338,0.008668076,0.007340606,0.006126636,0.004895149,0.004052372,0.003225392,0.002653555,0.004141265,0.003733635,0.003249646,0.002925834,0.001621984,0.001353631,0.001107302,0.000933498,0.00141841,0.001277752,0.001092542,0.000990931,0.00092906,0.000857337,0.000740847,0.000674136,0.000655165,0.000589045,0.000518496,0.000472499,0.000432318,0.00039166,0.00034597,0.000316419,0.000249634,0.000226032,0.000200619,0.000180147,0.000164192,0.000150452,0.000129923,0.000120129,0.000109696,9.90771E-05,8.74525E-05,8.00079E-05,5.21797E-05,4.72397E-05,4.07328E-05,3.69014E-05,3.3197E-05,2.97183E-05,2.61632E-05,2.32938E-05,2.10184E-05,1.88052E-05,1.64246E-05,1.47995E-05,1.33693E-05,1.20115E-05,1.04735E-05,9.44571E-06,8.56792E-06,0
0,0,0,0,0,0.041013192,0.037923907,0.036029795,0.033534978,0.030195605,0.027719146,0.025195715,0.022044852,0.018434216,0.016276048,0.014255946,0.011596753,0.009616732,0.008156524,0.007858343,0.006743251,0.005692052,0.004718769,0.003719496,0.003056962,0.002416913,0.001976814,0.003293776,0.002972091,0.002588344,0.002331787,0.001238327,0.001029497,0.000839878,0.00070619,0.00111855,0.001007936,0.000862105,0.000782168,0.000736862,0.000680906,0.000588342,0.000535907,0.000523301,0.000471096,0.000414984,0.000378465,0.00034661,0.00031444,0.000277968,0.000254424,0.000199506,0.000180808,0.000160557,0.000144241,0.00013155,0.000120638,0.000104244,9.64478E-05,8.80848E-05,7.96934E-05,7.03503E-05,6.43717E-05,4.15336E-05,3.76156E-05,3.24287E-05,2.93894E-05,2.64426E-05,2.36794E-05,2.08494E-05,1.85652E-05,1.67551E-05,1.49949E-05,1.30993E-05,1.18048E-05,1.06662E-05,9.58638E-06,8.36001E-06,7.5406E-06,6.84183E-06,0
0,0,0,0,0.038513215,0.036298783,0.03343046,0.031103827,0.028598936,0.025434448,0.023067416,0.020795111,0.017998323,0.01488993,0.013005744,0.011285303,0.00905311,0.007440527,0.006254374,0.00615481,0.005245851,0.004413731,0.003634422,0.002826196,0.002306061,0.001811088,0.001472663,0.002619721,0.002365878,0.002061617,0.001858352,0.000945418,0.000782978,0.000637039,0.000534232,0.000882083,0.000795095,0.000680271,0.000617387,0.000584424,0.000540782,0.000467231,0.000426022,0.000417977,0.000376765,0.000332137,0.000303146,0.000277894,0.000252444,0.000223331,0.000204576,0.000159444,0.000144633,0.000128495,0.000115493,0.000105398,9.67321E-05,8.364E-05,7.74349E-05,7.07315E-05,6.41019E-05,5.65926E-05,5.17913E-05,3.30596E-05,2.99522E-05,2.58175E-05,2.34066E-05,2.10624E-05,1.88676E-05,1.66149E-05,1.47966E-05,1.33566E-05,1.19566E-05,1.04473E-05,9.4161E-06,8.50962E-06,7.65087E-06,6.67299E-06,6.01973E-06,5.46348E-06,0
0,0,0,0.03519675,0.034325051,0.032126288,0.029469424,0.026851335,0.024389433,0.021424016,0.019196323,0.017163102,0.014694571,0.012027092,0.010392534,0.00893368,0.007067392,0.005756783,0.004795816,0.00482057,0.004080962,0.003422495,0.002799251,0.002147437,0.001739609,0.00135712,0.001097086,0.002083608,0.001883313,0.001642079,0.001481041,0.000721793,0.000595489,0.000483188,0.000404146,0.000695606,0.000627199,0.000536789,0.00048732,0.000463522,0.000429494,0.000371051,0.000338668,0.000333851,0.000301323,0.00026583,0.000242815,0.000222801,0.000202672,0.000179434,0.000164494,0.000127427,0.000115695,0.000102835,9.24739E-05,8.44445E-05,7.75634E-05,6.71087E-05,6.217E-05,5.67969E-05,5.15608E-05,4.55253E-05,4.16696E-05,2.63146E-05,2.38501E-05,2.05542E-05,1.86417E-05,1.6777E-05,1.50336E-05,1.32404E-05,1.1793E-05,1.06474E-05,9.53399E-06,8.33215E-06,7.51075E-06,6.78909E-06,6.10615E-06,5.3264E-06,4.80561E-06,4.3628E-06,0
0,0,0.033544901,0.031856827,0.030592333,0.028433416,0.025977714,0.02318024,0.020799532,0.018045938,0.015974863,0.014165449,0.011997251,0.009714682,0.00830439,0.007072086,0.005517223,0.00445406,0.003677403,0.003775566,0.003174747,0.002653871,0.002155999,0.001631693,0.001312298,0.001016943,0.000817294,0.001657208,0.001499177,0.001307916,0.001180338,0.000551063,0.000452896,0.000366493,0.000305736,0.000548551,0.000494757,0.00042357,0.000384655,0.000367631,0.000341109,0.000294669,0.000269225,0.000266658,0.000240987,0.00021276,0.000194492,0.00017863,0.000162713,0.000144165,0.000132266,0.000101839,9.25476E-05,8.22993E-05,7.40429E-05,6.76568E-05,6.21931E-05,5.38447E-05,4.99143E-05,4.56075E-05,4.14733E-05,3.66224E-05,3.3526E-05,2.09457E-05,1.89912E-05,1.63638E-05,1.48468E-05,1.33634E-05,1.19787E-05,1.05512E-05,9.39904E-06,8.48772E-06,7.60222E-06,6.64525E-06,5.99094E-06,5.41643E-06,4.87331E-06,4.25155E-06,3.83636E-06,3.48388E-06,0
0,0.030566714,0.029133388,0.028833839,0.027265534,0.025165034,0.022899723,0.020011054,0.01773803,0.015200506,0.013294017,0.011691356,0.009795049,0.007846872,0.00663581,0.00559841,0.00430707,0.003446134,0.002819811,0.002957099,0.002469765,0.002057865,0.001660562,0.001239814,0.00098995,0.000762036,0.000608858,0.001318069,0.001193392,0.001041756,0.000940688,0.000420717,0.000344448,0.000277981,0.000231289,0.000432585,0.000390282,0.000334231,0.000303618,0.000291578,0.000270912,0.000234011,0.000214022,0.000212988,0.000192732,0.000170285,0.000155785,0.000143217,0.000130632,0.000115828,0.000106351,8.13888E-05,7.4031E-05,6.58646E-05,5.92854E-05,5.42065E-05,4.98687E-05,4.32024E-05,4.00746E-05,3.66225E-05,3.33593E-05,2.94605E-05,2.69739E-05,1.66722E-05,1.51221E-05,1.30278E-05,1.18244E-05,1.06444E-05,9.54456E-06,8.40828E-06,7.49108E-06,6.76611E-06,6.06186E-06,5.29987E-06,4.77867E-06,4.3213E-06,3.88938E-06,3.3936E-06,3.06261E-06,2.78201E-06,0
0.025763705,0.026546864,0.025302036,0.026097711,0.024300511,0.022272348,0.020186429,0.017275157,0.015127154,0.012803734,0.011063062,0.009649381,0.007997081,0.00633818,0.005302495,0.004431818,0.003362353,0.002666296,0.002162214,0.002316059,0.001921331,0.001595709,0.001278974,0.000942052,0.000746782,0.000571023,0.00045358,0.001048333,0.000949977,0.000829759,0.000749695,0.000321203,0.000261968,0.000210846,0.00017497,0.000341134,0.000307868,0.000263736,0.000239654,0.000231258,0.000215161,0.00018584,0.000170138,0.00017012,0.00015414,0.00013629,0.000124782,0.000114824,0.000104876,9.30615E-05,8.55143E-05,6.50454E-05,5.92192E-05,5.27118E-05,4.74692E-05,4.34302E-05,3.99866E-05,3.46635E-05,3.21747E-05,2.94076E-05,2.68328E-05,2.36992E-05,2.17023E-05,1.32706E-05,1.20413E-05,1.03718E-05,9.41734E-06,8.47867E-06,7.60506E-06,6.70055E-06,5.97042E-06,5.3937E-06,4.83361E-06,4.22687E-06,3.8117E-06,3.44759E-06,3.10411E-06,2.70878E-06,2.44491E-06,2.22155E-06,0
